claim,context,answer,entropy,semantic_uncertainty
1,"- ANKTM1, a TRP-like Channel Expressed in Nociceptive Neurons, Is Activated by Cold Temperatures Mam...","Supported

The context describes the characterization of ANKTM1, a cold-activated channel that is expressed in a subset of nociceptive sensory neurons and is coexpressed with TRPV1/VR1 (the capsaicin/heat receptor), but not TRPM8. This suggests that ANKTM1 is involved in sensing noxious cold temperatures, which is a claim supported by the context.",0.3135511875152588,0.064679205
3,- Multiple Imputation For Nonresponse In Surveys multiple imputation for nonresponse in surveys is a...,"Supported

The claim is supported by the context because the text describes a study where the ""gain of function"" property of mutant p53-281G is measured by its tumorigenicity in nude mice. The deletion mutant p53-281G del 393-327, which deletes the oligomerization and nonsequence-specific nucleic acid-binding domains of p53, is found to",0.323464572429657,0.123039186
5,- Immediate effects of droperidol The subjective and behavioural responses of 20 healthy volunteers ...,"Supported

Explanation: The context discusses the role of 5-HT in the regulation of the brain-pituitary-adrenal axis, and specifically mentions that 5-HT can stimulate corticosteroid secretion in various species, including humans. This suggests that 5-HT does indeed have an effect on the adrenal gland, which is part of the adrenocortical system that produces corticosteroids.",0.3230772316455841,0.09072518
13,- Bullying in school: are short pupils at risk? Questionnaire study in a cohort. Bullying is still p...,"Supported

The context discusses a study that examines the prevalence of bullying in schools based on height. The study found that short pupils are more likely to be victims and less likely to be the aggressors. This supports the claim that very short pupils are more likely to be victims of bullying.",0.43039989471435547,0.49254102
36,- p16INK4A is a robust in vivo biomarker of cellular aging in human skin. The cell-cycle regulating ...,"Supported

The context provides evidence that p16INK4A expression directly correlates with chronological aging of human skin in vivo, making p16INK4A a biomarker for human aging in vivo. This is supported by the findings that the number of p16INK4A positive cells is significantly higher in elderly individuals compared to the younger age groups, and that p16INK4A expression was found to be increased in both epidermis and",0.21395884454250336,0.037686527
36,- p16INK4A is a robust in vivo biomarker of cellular aging in human skin. The cell-cycle regulating ...,"Supported

The context provides evidence that p16INK4A expression directly correlates with chronological aging of human skin in vivo, making p16INK4A a biomarker for human aging in vivo. This is supported by the findings that the number of p16INK4A positive cells is significantly higher in elderly individuals compared to the younger age groups, and that p16INK4A expression was found to be increased in both epidermis and",0.21395884454250336,0.047676146
42,- Social Isolation and Social Support: An Applied Perspective Considerable empirical evidence substa...,"Supported

The claim is that within residues 43-63 in p53 lie an apoptotic domain as well as another transcriptional activation domain. The context provides evidence that deletion of the N-terminal 42 amino acids in p53 retains the ability to induce apoptosis to an even higher level than wild-type p53, suggesting the presence of an apoptotic domain within residues 43-",0.24883826076984406,0.07225984
48,- Social Isolation and Social Support: An Applied Perspective Considerable empirical evidence substa...,"Supported

The claim is that memory deficits in middle-aged Tg2576 mice are caused by the extracellular accumulation of a 56-kDa soluble amyloid-β assembly, which they term Aβ*56. This is supported by the context as it is stated that middle-aged Tg2576 mice (6–14 months old) develop memory deficits without neuronal",0.1842007339000702,0.4327857
49,"- Evidence for a limit to human lifespan Driven by technological progress, human life expectancy has...","Supported

The context discusses the limit to human lifespan, suggesting that the maximum lifespan of humans is fixed and subject to natural constraints. This is supported by the evidence presented in the first passage, which shows that improvements in survival with age tend to decline after age 100, and that the age at death of the world’s oldest person has not increased since the 1990s.",0.3782993257045746,0.06707865
50,- Estimation of optimal serum concentrations of 25-hydroxyvitamin D for multiple health outcomes. Re...,"Supported

The context discusses a phase 2 safety trial targeting amyloid beta production with a gamma-secretase inhibitor in Alzheimer disease. The trial was designed to evaluate the safety, tolerability, and amyloid beta response to the gamma-secretase inhibitor LY450139. The plasma Abeta(40) concentration was reduced by 58.2% for the 100-mg",0.20953063666820526,0.11312556
51,"- Evidence for a limit to human lifespan Driven by technological progress, human life expectancy has...","Supported

The context discusses the limit to human lifespan, suggesting that the maximum lifespan of humans is fixed and subject to natural constraints. This is supported by the observation that improvements in survival with age tend to decline after age 100, and that the age at death of the world’s oldest person has not increased since the 1990s.",0.3189994990825653,0.050298214
53,- Senescence and aging: the critical roles of p53 p53 functions as a transcription factor involved i...,"Supported

The context discusses the role of p53 in cellular senescence and aging, and its contribution to tumor growth suppression. This implies that p53 is indeed a critical player in these processes, which is consistent with the claim that it is the most frequently mutated gene in human cancer. However, the context does not provide enough information to determine the specific consequences of its dysfunction or how to restore its tumor-suppressive activities in cancer.",0.5710592865943909,0.11434889
54,- Social Isolation and Social Support: An Applied Perspective Considerable empirical evidence substa...,"Supported

The claim is that ""certain epigenetic factors are thought to mediate, at least in part, the relationship between the genome and the environment."" This is supported by the context, as it discusses the role of epigenetics in aging and age-related diseases, suggesting that specific epigenetic changes during aging are functionally associated with the aged phenotype.",0.32476839423179626,0.09365821
56,- Social Isolation and Social Support: An Applied Perspective Considerable empirical evidence substa...,"Supported

The claim is that p53 regulates the processing of Holliday junctions by BLM and WRN helicases. The context provides evidence that purified, recombinant p53 binds to BLM and WRN helicases and attenuates their ability to unwind Holliday junctions in vitro. This suggests that p53 does indeed regulate the processing of Holliday junctions by BLM and WRN helicases.",0.20849846303462982,0.1363368
57,- Social Isolation and Social Support: An Applied Perspective Considerable empirical evidence substa...,"Supported

The context discusses the importance of social networks and support to health and well-being among the elderly, and the need for more research to implement successful interventions. However, it does not discuss anything related to the maximum lifespan of humans, which is the claim in question. The claim that the maximum lifespan of humans is fixed and subject to natural constraints is supported by a separate study, as mentioned in the third context.",0.4937446415424347,0.27187008
70,- Assessment of older people: Self-maintaining and instrumental activities of daily living. THE use ...,"Supported

The context discusses the incidence of dementia in middle-income countries, and it is stated that the incidence of 10/66 dementia varied between 18.2 and 30.4 per 1000 person-years, and were 1.4-2.7 times higher than were those for DSM-IV dementia (9.9-15.7 per 10",0.24607543647289276,0.14090902
70,- Assessment of older people: Self-maintaining and instrumental activities of daily living. THE use ...,"Supported

The context discusses the incidence of dementia in middle-income countries, and it is stated that the incidence of 10/66 dementia varied between 18.2 and 30.4 per 1000 person-years, and were 1.4-2.7 times higher than were those for DSM-IV dementia (9.9-15.7 per 10",0.24607543647289276,0.42867178
72,- Social Isolation and Social Support: An Applied Perspective Considerable empirical evidence substa...,"Supported

The claim is supported by the context because the article discusses the importance of social networks and support to health and well-being among the elderly, and it also describes the use of a brief screening instrument for social isolation developed by one of the authors (Lubben). This instrument is used to assess social isolation in older people, which is a part of social support.",0.5256077647209167,0.55846655
75,- Estimation of optimal serum concentrations of 25-hydroxyvitamin D for multiple health outcomes. Re...,"Supported

The claim of 75 nmol/L (30 ng/mL) being the most advantageous serum concentration of 25-hydroxyvitamin D for multiple health outcomes, such as bone mineral density, lower-extremity function, dental health, risk of falls, fractures, and colorectal cancer, is supported by the context. The review summarizes evidence from studies that evaluated thresholds for serum ",0.2517605423927307,0.111364126
94,"- Surveillance for foodborne-disease outbreaks--United States, 1993-1997. PROBLEM/CONDITION Since 19...","Supported

The context discusses the Foodborne-Disease Outbreak Surveillance System in the United States from 1993-1997. During this period, Salmonella serotype Enteritidis was found to be a major cause of foodborne disease outbreaks, accounting for the largest number of outbreaks, cases, and deaths. This is supported by the statement that ""Salmonella serotype Enteritidis accounted for the largest",0.30364832282066345,0.6317762
99,"- Radiation-Related Cancer Risks at Low Doses among Atomic Bomb Survivors Abstract Pierce, D. A. and...","Supported

The context provides information about radiation-related cancer risks at low doses among atomic bomb survivors. The study focuses on survivors with doses less than 0.5 Sv, and there is a statistically significant risk found in the range 0–0.1 Sv, with an upper confidence limit on any possible threshold computed as 0.06 Sv. This suggests that there is a non-zero risk of cancer even at very low radiation doses (0.0",0.3922150433063507,0.67713153
100,"- Radiation-Related Cancer Risks at Low Doses among Atomic Bomb Survivors Abstract Pierce, D. A. and...","Supported

The context discusses cancer risks at low doses of ionizing radiation, and it provides a range for the lowest dose of x- or gamma-radiation for which good evidence exists of increased cancer risks in humans. This range is approximately 10-50 mSv for an acute exposure and approximately 50-100 mSv for a protracted exposure. The claim of 100 mSv would be within the range provided for",0.42171305418014526,0.07501364
113,- The yeast ribosomal protein L32 and its gene. The yeast ribosomal protein gene RPL32 of Saccharomy...,"Supported

The claim is supported by the context because the text mentions that the yeast ribosomal protein gene RPL32 has an intron of 230 nucleotides, which is a part of its sequence. The intron begins with the unusual sequence GTCAGT and ends 40 nucleotides downstream of the consensus sequence TAC-TAAC. This information supports the claim that the gene RPL32 has an intron.",0.38837310671806335,0.23824996
115,- The S-LANSS score for identifying pain of predominantly neuropathic origin: validation for use in ...,"Supported

The claim is that the S-LANSS scale is a valid and reliable self-report instrument for identifying neuropathic pain. The context provides evidence that the S-LANSS scale correctly identified 75% of pain types when self-completed and 80% when used in interview format, and it was also found to be acceptable for use in postal survey research. This supports the claim that the S-LANSS scale is a valid and reliable self",0.24078300595283508,0.064303935
118,"- Global analysis of ATM polymorphism reveals significant functional constraint. ATM, the gene that ...","Supported

The context discusses a study that analyzed sequence variation in the ATM gene in diverse human populations, and found that the coding regions of ATM had very low diversity, especially in the last 29% of the protein sequence. This suggests functional constraint in the ATM gene, which is consistent with the claim that there is significant functional constraint in ATM.",0.3787849247455597,0.4976328
124,"- Global analysis of ATM polymorphism reveals significant functional constraint. ATM, the gene that ...","Supported

The context discusses a dose-response study on thyrotoxic patients undergoing positron emission tomography (PET) and radioiodine therapy. The study shows that patients who receive a low radiation dose (<20 Gy) at their first treatment have a high probability of remaining toxic at 12 months, while patients who receive higher radiation doses (>40 Gy) have a high probability of control. This suggests that a higher radiation dose is more",0.20950911939144135,0.080827534
127,- Evaluation of a mental health outreach service for homeless families. AIMS To describe the charact...,"Supported

The claim is that ATM, the gene associated with cerebellar degeneration, abnormal proliferation of small blood vessels, and cancer, has very low diversity in the coding regions, especially in the last 29% of the protein sequence. This is supported by the context, as the study found that the coding regions of ATM had very low diversity, especially in the last 29% of the protein sequence.",0.28861352801322937,0.75655234
128,- A generic measure of relationship satisfaction. The variety of interpersonal relationships in cont...,"Supported

The claim is that the Relationship Assessment Scale (RAS) is a brief, psychometrically sound, generic measure of relationship satisfaction. The context provides evidence that the RAS was developed and tested in two studies, showing a unifactorial scale structure, substantial factor loadings, and moderate intercorrelations among the items. It also correlated significantly with various measures of relationship quality and was effective in discriminating couples who stayed together from those who broke up",0.4009835422039032,0.07838148
129,- The S-LANSS score for identifying pain of predominantly neuropathic origin: validation for use in ...,"Supported

The context discusses the development and validation of the S-LANSS scale, a self-report instrument for identifying neuropathic pain. The scale was found to be a valid and reliable self-report instrument for identifying neuropathic pain, and it is also acceptable for use in postal survey research. The findings support the use of the S-LANSS scale for identifying neuropathic pain.",0.32484757900238037,0.42435765
130,"- Radiation-Related Cancer Risks at Low Doses among Atomic Bomb Survivors Abstract Pierce, D. A. and...","Supported

The context discusses a dose-response study on thyrotoxic patients undergoing positron emission tomography and radioiodine therapy. The study shows that patients who receive a low radiation dose (<20 Gy) at their first treatment have a high probability of remaining toxic at 12 months. This suggests that low radiation doses can have an effect on the patients' condition, supporting the claim that low radiation doses can have an impact.",0.33097678422927856,0.017030716
132,- The yeast ribosomal protein L32 and its gene. The yeast ribosomal protein gene RPL32 of Saccharomy...,"Supported

The claim is supported by the context as it is stated that the yeast ribosomal protein gene RPL32 of Saccharomyces cerevisiae has an intron of 230 nucleotides, which is confirmed by the determination of the sequence of a cDNA clone.",0.32141780853271484,0.39994007
133,"- Global analysis of ATM polymorphism reveals significant functional constraint. ATM, the gene that ...","Supported

The claim is that ATM displayed extensive linkage disequilibrium, consistent with suppression of meiotic recombination at this locus. This is supported by the statement in the context that ""ATM displayed extensive linkage disequilibrium"".",0.3212291896343231,0.32331824
133,"- Global analysis of ATM polymorphism reveals significant functional constraint. ATM, the gene that ...","Supported

The claim is that ATM displayed extensive linkage disequilibrium, consistent with suppression of meiotic recombination at this locus. This is supported by the statement in the context that ""ATM displayed extensive linkage disequilibrium"".",0.3212291896343231,0.37445414
133,"- Global analysis of ATM polymorphism reveals significant functional constraint. ATM, the gene that ...","Supported

The claim is that ATM displayed extensive linkage disequilibrium, consistent with suppression of meiotic recombination at this locus. This is supported by the statement in the context that ""ATM displayed extensive linkage disequilibrium"".",0.3212291896343231,0.5411053
133,"- Global analysis of ATM polymorphism reveals significant functional constraint. ATM, the gene that ...","Supported

The claim is that ATM displayed extensive linkage disequilibrium, consistent with suppression of meiotic recombination at this locus. This is supported by the statement in the context that ""ATM displayed extensive linkage disequilibrium"".",0.3212291896343231,0.42784995
133,"- Global analysis of ATM polymorphism reveals significant functional constraint. ATM, the gene that ...","Supported

The claim is that ATM displayed extensive linkage disequilibrium, consistent with suppression of meiotic recombination at this locus. This is supported by the statement in the context that ""ATM displayed extensive linkage disequilibrium"".",0.3212291896343231,0.53565204
137,- Dose-response study on thyrotoxic patients undergoing positron emission tomography and radioiodine...,"Supported

The context discusses a dose-response study on thyrotoxic patients undergoing radioiodine therapy, where it is shown that higher radiation doses (>40 Gy) at the first treatment have a high probability of control, meaning that the radiation dose is effective in treating the condition. This supports the claim that higher radiation doses can be effective in treating certain conditions.",0.4721769690513611,0.08069712
141,- Two-sided confidence intervals for the single proportion: comparison of seven methods. Stat. Med S...,"Supported

Explanation: The context describes a new treatment protocol for thyrotoxic patients undergoing positron emission tomography and radioiodine therapy. The new protocol involves a 124I PET tracer study prior to 131I therapy to deliver a prescribed thyroid dose of 50 Gy to patients with Graves' disease. This is a new treatment protocol, so it is supported by the context.",0.3191504180431366,0.16766673
141,- Two-sided confidence intervals for the single proportion: comparison of seven methods. Stat. Med S...,"Supported

Explanation: The context describes a new treatment protocol for thyrotoxic patients undergoing positron emission tomography and radioiodine therapy. The new protocol involves a 124I PET tracer study prior to 131I therapy to deliver a prescribed thyroid dose of 50 Gy to patients with Graves' disease. This is a new treatment protocol, so it is supported by the context.",0.3191504180431366,0.084414184
142,- A diversity of beta diversities: straightening up a concept gone awry. Part 1. Defining beta diver...,"Supported

The context discusses a polymorphism (G1465A) in the GABA(B) receptor 1 gene, which is associated with an increased susceptibility to temporal lobe epilepsy. The claim that a specific polymorphism in the GABA(B) receptor 1 gene is associated with temporal lobe epilepsy is supported by the provided context.",0.3391808569431305,0.39210147
143,"- Global analysis of ATM polymorphism reveals significant functional constraint. ATM, the gene that ...","Supported

The context discusses the analysis of sequence variation in the ATM gene, which is associated with ataxia-telangiectasia, cerebellar degeneration, abnormal proliferation of small blood vessels, and cancer. It mentions a test of the neutral evolution hypothesis, which revealed that the coding regions of the human ATM gene, especially the last 29%, are significantly constrained relative to that of other species like the orangutan",0.3634461462497711,0.389571
146,- Large scale replication and meta-analysis of variants on chromosome 4q25 associated with atrial fi...,"Supported

The context discusses the role of IL-17F in inflammatory bowel disease (IBD), including its intestinal gene expression. It mentions that IL-17F is produced in IL-23R-expressing Th17 cells, and there is an increased expression of IL-17F mRNA in inflamed colonic lesions compared to uninflamed biopsies in Crohn's disease (CD).",0.2714955806732178,0.14503384
148,- The structure and expression of a novel gene activated in early mouse embryogenesis. We report the...,"Supported

The claim is supported by the context because it states that the largest open reading frame of the H19 gene, which is sufficient to encode a protein, is contained entirely within the first large exon, 680 bases downstream of the cap site of the mRNA. This implies that the gene has the potential to encode a protein of approximately 14 kD, which is consistent with the claim.",0.4040546417236328,0.289923
163,"- Global analysis of ATM polymorphism reveals significant functional constraint. ATM, the gene that ...","Supported

The context discusses the analysis of sequence variation in the ATM gene, which is associated with cerebellar degeneration, abnormal proliferation of small blood vessels, and cancer. The analysis reveals that the coding regions of ATM have very low diversity, especially in the last 29% of the protein sequence, suggesting functional constraint and significant conservation. This implies that there is a limit to the sequence variation in the ATM gene, which could be interpreted as a",0.496853232383728,0.50873077
171,- The structure and expression of a novel gene activated in early mouse embryogenesis. We report the...,"Supported

The claim is that Ria1p (Ynl163c) is involved in the biogenesis of the 60S subunit of the ribosome in Saccharomyces cerevisiae. The context provides evidence for this claim, such as the severe growth defect observed with small C-terminal deletions in the protein, the suppression of this defect by intragenic mutations in the RIA1 gene or dominant extragenic",0.2823415994644165,0.1148026
179,- Retinoblastoma regulatory pathway in lung cancer. Lung cancer is the leading cause of cancer relat...,"Supported

The context discusses the role of the Rb-p16 regulatory pathway in lung carcinogenesis, which is a tumor suppressor pathway. It also mentions that alterations in this pathway are nearly universal in lung cancer, and that these alterations (loss of p16 and Rb mutations) preferentially occur in certain lung cancer subtypes. This suggests that the Rb-p16 pathway plays a critical role in",0.43142685294151306,0.6384641
179,- Retinoblastoma regulatory pathway in lung cancer. Lung cancer is the leading cause of cancer relat...,"Supported

The context discusses the role of the Rb-p16 regulatory pathway in lung carcinogenesis, which is a tumor suppressor pathway. It also mentions that alterations in this pathway are nearly universal in lung cancer, and that these alterations (loss of p16 and Rb mutations) preferentially occur in certain lung cancer subtypes. This suggests that the Rb-p16 pathway plays a critical role in",0.43142685294151306,0.4834432
179,- Retinoblastoma regulatory pathway in lung cancer. Lung cancer is the leading cause of cancer relat...,"Supported

The context discusses the role of the Rb-p16 regulatory pathway in lung carcinogenesis, which is a tumor suppressor pathway. It also mentions that alterations in this pathway are nearly universal in lung cancer, and that these alterations (loss of p16 and Rb mutations) preferentially occur in certain lung cancer subtypes. This suggests that the Rb-p16 pathway plays a critical role in",0.43142685294151306,0.5247736
179,- Retinoblastoma regulatory pathway in lung cancer. Lung cancer is the leading cause of cancer relat...,"Supported

The context discusses the role of the Rb-p16 regulatory pathway in lung carcinogenesis, which is a tumor suppressor pathway. It also mentions that alterations in this pathway are nearly universal in lung cancer, and that these alterations (loss of p16 and Rb mutations) preferentially occur in certain lung cancer subtypes. This suggests that the Rb-p16 pathway plays a critical role in",0.43142685294151306,0.64448047
180,- Two-sided confidence intervals for the single proportion: comparison of seven methods. Stat. Med S...,"Supported

The context discusses the National Diet and Nutrition Survey of British Adults, where it is stated that high fat consumers tend to have a higher body mass index (BMI) than low fat consumers. This is supported by the claim that high fat consumers have a higher BMI. However, it is also mentioned that not all high fat consumers are overweight or obese.",0.41736406087875366,0.3598885
